Specimen,PlantNumber,Fruits per plant,Avg fruits per plant per site,Yield,Total yield per plant,Avg plant yield per site,Yield Metric,Treatment,,Site,Crop,Variety,Management,Country,Latitude,Longitude,Start Month,End Month,Year,Treatment,Avg plant yield,Yield Metric,Avg fruits per plant per site,,Site_ID,Honey,Bumble,Wild
21174,1,1,1.1875,4.259,4.259,6.142188889,g,B,,site_3,Strawberry,Albion,Organic,United States,47.57,-122.316,7,8,2016,B,6.142188889,g,1.1875,,site_3,9,5,0
21739,2,2,,3.3104,11.7919,,g,B,,site_3,Strawberry,Albion,Organic,United States,47.57,-122.316,7,8,2016,O,5.611885714,g,1.266666667,,site_5,34,29,6
21739,2,,,8.4815,,,g,B,,site_5,Strawberry,Albion,Organic,United States,47.057,-122.97,7,8,2016,B,7.747675,g,1.277777778,,site_6,31,6,0
26586,3,1,,2.0601,2.0601,,g,B,,site_5,Strawberry,Albion,Organic,United States,47.057,-122.97,7,8,2016,O,10.86221429,g,1.238095238,,site_7,15,3,2
54929,4,1,,1.2332,1.2332,,g,B,,site_6,Strawberry,Albion,Organic,United States,47.678,-121.949,7,8,2016,B,5.289811111,g,1.333333333,,site_8,92,5,7
63490,5,1,,8.4933,8.4933,,g,B,,site_6,Strawberry,Albion,Organic,United States,47.678,-121.949,7,8,2016,O,5.854522222,g,1.125,,site_13,10,6,3
71150,6,1,,6.3097,6.3097,,g,B,,site_7,Strawberry,Albion,Organic,United States,47.063,-122.926,7,8,2016,B,6.2267,g,1,,site_18,8,2,4
83009,7,2,,3.2218,8.9648,,g,B,,site_7,Strawberry,Albion,Organic,United States,47.063,-122.926,7,8,2016,O,8.819636364,g,1.1875,,site_23,38,3,0
83009,7,,,5.743,,,g,B,,site_8,Strawberry,Albion,Organic,United States,48.543,-122.413,7,8,2016,B,10.522675,g,1,,site_24,37,10,4
86551,8,1,,6.2766,6.2766,,g,B,,site_8,Strawberry,Albion,Organic,United States,48.543,-122.413,7,8,2016,O,9.24552,g,1.277777778,,site_25,13,22,3
90470,9,1,,5.8911,5.8911,,g,B,,site_13,Strawberry,Albion,Organic,United States,47.562,-122.303,7,8,2016,B,6.737471429,g,1.272727273,,site_26,15,0,5
3530,1,1,,2.245,2.245,5.611885714,g,O,,site_13,Strawberry,Albion,Organic,United States,47.562,-122.303,7,8,2016,O,3.883588889,g,1.111111111,,site_29,52,3,1
21253,2,1,,5.3888,5.3888,,g,O,,site_18,Strawberry,Albion,Organic,United States,47.543,-122.287,7,8,2016,B,3.571,g,1.571428571,,site_30,26,0,13
22686,3,1,,6.0265,6.0265,,g,O,,site_18,Strawberry,Albion,Organic,United States,47.543,-122.287,7,8,2016,O,3.768675,g,1.0625,,site_31,16,0,0
44109,4,1,,4.902,4.902,,g,O,,site_23,Strawberry,Albion,Organic,United States,47.671,-121.976,7,8,2016,B,6.390371429,g,1.578947368,,site_34,21,1,8
52541,5,1,,9.1434,9.1434,,g,O,,site_23,Strawberry,Albion,Organic,United States,47.671,-121.976,7,8,2016,O,7.950277778,g,1.294117647,,site_36,16,9,0
68508,6,1,,4.6106,4.6106,,g,O,,site_24,Strawberry,Albion,Organic,United States,47.522,-122.259,7,8,2016,B,3.910571429,g,,,,,,
89147,7,2,,2.4463,6.9669,,g,O,,site_24,Strawberry,Albion,Organic,United States,47.522,-122.259,7,8,2016,O,5.26205,g,,,,,,
89147,7,,,4.5206,,,g,O,,site_25,Strawberry,Albion,Organic,United States,46.801,-123.159,7,8,2016,B,6.519311111,g,,,,,,
33044,1,1,1.266666667,8.019,8.019,7.747675,g,B,,site_25,Strawberry,Albion,Organic,United States,46.801,-123.159,7,8,2016,O,10.25482222,g,,,,,,
38910,2,2,,5.7755,13.109,,g,B,,site_26,Strawberry,Albion,Organic,United States,48.435,-122.394,7,8,2016,B,6.082818182,g,,,,,,
38910,2,,,7.3335,,,g,B,,site_26,Strawberry,Albion,Organic,United States,48.435,-122.394,7,8,2016,O,6.573636364,g,,,,,,
41457,3,1,,2.5536,2.5536,,g,B,,site_29,Strawberry,Albion,Organic,United States,47.611,-121.937,7,8,2016,B,4.31491,g,,,,,,
56955,4,1,,5.1668,5.1668,,g,B,,site_29,Strawberry,Albion,Organic,United States,47.611,-121.937,7,8,2016,O,4.505925,g,,,,,,
67571,5,1,,8.3764,8.3764,,g,B,,site_30,Strawberry,Albion,Organic,United States,47.611,-121.937,7,8,2016,B,7.195442857,g,,,,,,
69663,6,1,,5.8857,5.8857,,g,B,,site_30,Strawberry,Albion,Organic,United States,47.583,-121.916,7,8,2016,O,8.975714286,g,,,,,,
96310,7,1,,10.9597,10.9597,,g,B,,site_31,Strawberry,Albion,Organic,United States,47.065,-122.984,7,8,2016,B,7.0032,g,,,,,,
98098,8,1,,7.9112,7.9112,,g,B,,site_31,Strawberry,Albion,Organic,United States,47.065,-122.984,7,8,2016,O,7.043857143,g,,,,,,
24865,1,2,,4.5793,14.5823,10.86221429,g,O,,site_34,Strawberry,Albion,Organic,United States,47.049,-122.872,7,8,2016,B,6.8472125,g,,,,,,
24865,1,,,10.003,,,g,O,,site_34,Strawberry,Albion,Organic,United States,47.049,-122.872,7,8,2016,O,8.165618182,g,,,,,,
57997,2,2,,7.996,20.942,,g,O,,site_36,Strawberry,Albion,Organic,United States,46.807,-123.11,7,8,2016,B,7.9361375,g,,,,,,
57997,2,,,12.946,,,g,O,,site_36,Strawberry,Albion,Organic,United States,46.807,-123.11,7,8,2016,O,8.442,g,,,,,,
59269,3,2,,3.0047,6.3589,,g,O,,,,,,,,,,,,,,,,,,,,
59269,3,,,3.3542,,,g,O,,,,,,,,,,,,,,,,,,,,
71564,4,1,,5.1364,5.1364,,g,O,,,,,,,,,,,,,,,,,,,,
73579,5,1,,6.0667,6.0667,,g,O,,,,,,,,,,,,,,,,,,,,
78359,6,1,,7.9086,7.9086,,g,O,,,,,,,,,,,,,,,,,,,,
98055,7,1,,15.0406,15.0406,,g,O,,,,,,,,,,,,,,,,,,,,
7386,1,1,1.277777778,2.3739,2.3739,5.289811111,g,B,,,,,,,,,,,,,,,,,,,,
12504,2,1,,5.4695,5.4695,,g,B,,,,,,,,,,,,,,,,,,,,
24927,3,1,,3.2467,3.2467,,g,B,,,,,,,,,,,,,,,,,,,,
34963,4,1,,7.997,7.997,,g,B,,,,,,,,,,,,,,,,,,,,
47897,5,2,,1.3565,3.9561,,g,B,,,,,,,,,,,,,,,,,,,,
47897,5,,,2.5996,,,g,B,,,,,,,,,,,,,,,,,,,,
56655,6,3,,3.462,11.2932,,g,B,,,,,,,,,,,,,,,,,,,,
56655,6,,,3.6184,,,g,B,,,,,,,,,,,,,,,,,,,,
56655,6,,,4.2128,,,g,B,,,,,,,,,,,,,,,,,,,,
76870,7,1,,7.6593,7.6593,,g,B,,,,,,,,,,,,,,,,,,,,
83008,8,1,,1.8976,1.8976,,g,B,,,,,,,,,,,,,,,,,,,,
89796,9,1,,3.715,3.715,,g,B,,,,,,,,,,,,,,,,,,,,
9561,1,2,,3.2258,7.9524,5.854522222,g,O,,,,,,,,,,,,,,,,,,,,
9561,1,,,4.7266,,,g,O,,,,,,,,,,,,,,,,,,,,
14339,2,2,,3.2696,7.8334,,g,O,,,,,,,,,,,,,,,,,,,,
14339,2,,,4.5638,,,g,O,,,,,,,,,,,,,,,,,,,,
43984,3,1,,5.4258,5.4258,,g,O,,,,,,,,,,,,,,,,,,,,
56680,4,1,,5.3248,5.3248,,g,O,,,,,,,,,,,,,,,,,,,,
63924,5,1,,5.7221,5.7221,,g,O,,,,,,,,,,,,,,,,,,,,
74650,6,1,,6.7743,6.7743,,g,O,,,,,,,,,,,,,,,,,,,,
74794,7,1,,4.5101,4.5101,,g,O,,,,,,,,,,,,,,,,,,,,
88975,8,1,,4.1316,4.1316,,g,O,,,,,,,,,,,,,,,,,,,,
90514,9,1,,5.0162,5.0162,,g,O,,,,,,,,,,,,,,,,,,,,
2015,1,2,1.238095238,3.6292,7.3364,6.2267,g,B,,,,,,,,,,,,,,,,,,,,
2015,1,,,3.7072,,,g,B,,,,,,,,,,,,,,,,,,,,
5790,2,1,,10.1767,10.1767,,g,B,,,,,,,,,,,,,,,,,,,,
16233,3,1,,6.5111,6.5111,,g,B,,,,,,,,,,,,,,,,,,,,
21452,4,1,,1.0107,1.0107,,g,B,,,,,,,,,,,,,,,,,,,,
27717,5,1,,0.8725,0.8725,,g,B,,,,,,,,,,,,,,,,,,,,
43235,6,1,,9.3381,9.3381,,g,B,,,,,,,,,,,,,,,,,,,,
63807,7,1,,10.4825,10.4825,,g,B,,,,,,,,,,,,,,,,,,,,
65294,8,1,,3.3296,3.3296,,g,B,,,,,,,,,,,,,,,,,,,,
70591,9,1,,1.114,1.114,,g,B,,,,,,,,,,,,,,,,,,,,
99979,10,2,,3.0156,12.0954,,g,B,,,,,,,,,,,,,,,,,,,,
99979,10,,,9.0798,,,g,B,,,,,,,,,,,,,,,,,,,,
2051,1,2,,5.3561,13.3502,8.819636364,g,O,,,,,,,,,,,,,,,,,,,,
2051,1,,,7.9941,,,g,O,,,,,,,,,,,,,,,,,,,,
9575,2,1,,3.808,3.808,,g,O,,,,,,,,,,,,,,,,,,,,
12568,3,1,,4.7046,4.7046,,g,O,,,,,,,,,,,,,,,,,,,,
13123,4,1,,6.3551,6.3551,,g,O,,,,,,,,,,,,,,,,,,,,
27947,5,1,,5.9763,5.9763,,g,O,,,,,,,,,,,,,,,,,,,,
44762,6,2,,6.5856,13.2048,,g,O,,,,,,,,,,,,,,,,,,,,
44762,6,,,6.6192,,,g,O,,,,,,,,,,,,,,,,,,,,
50251,7,1,,5.7914,5.7914,,g,O,,,,,,,,,,,,,,,,,,,,
68937,8,1,,1.8266,1.8266,,g,O,,,,,,,,,,,,,,,,,,,,
70491,9,1,,13.967,13.967,,g,O,,,,,,,,,,,,,,,,,,,,
80502,10,2,,8.6381,17.5368,,g,O,,,,,,,,,,,,,,,,,,,,
80502,10,,,8.8987,,,g,O,,,,,,,,,,,,,,,,,,,,
91464,11,1,,10.4952,10.4952,,g,O,,,,,,,,,,,,,,,,,,,,
15909,1,2,1.333333333,6.6662,14.7504,10.522675,g,B,,,,,,,,,,,,,,,,,,,,
15909,1,,,8.0842,,,g,B,,,,,,,,,,,,,,,,,,,,
17194,2,1,,7.1716,7.1716,,g,B,,,,,,,,,,,,,,,,,,,,
49215,3,1,,6.4107,6.4107,,g,B,,,,,,,,,,,,,,,,,,,,
51301,4,1,,4.8395,4.8395,,g,B,,,,,,,,,,,,,,,,,,,,
55404,5,1,,8.7557,8.7557,,g,B,,,,,,,,,,,,,,,,,,,,
68000,6,2,,9.3651,19.9464,,g,B,,,,,,,,,,,,,,,,,,,,
68000,6,,,10.5813,,,g,B,,,,,,,,,,,,,,,,,,,,
89613,7,2,,5.8052,13.415,,g,B,,,,,,,,,,,,,,,,,,,,
89613,7,,,7.6098,,,g,B,,,,,,,,,,,,,,,,,,,,
89892,8,1,,8.8921,8.8921,,g,B,,,,,,,,,,,,,,,,,,,,
8695,1,2,,2.3609,8.2087,9.24552,g,O,,,,,,,,,,,,,,,,,,,,
8695,1,,,5.8478,,,g,O,,,,,,,,,,,,,,,,,,,,
27295,2,3,,3.0022,23.8749,,g,O,,,,,,,,,,,,,,,,,,,,
27295,2,,,10.1988,,,g,O,,,,,,,,,,,,,,,,,,,,
27295,2,,,10.6739,,,g,O,,,,,,,,,,,,,,,,,,,,
31871,3,1,,5.0561,5.0561,,g,O,,,,,,,,,,,,,,,,,,,,
47406,4,1,,8.7198,8.7198,,g,O,,,,,,,,,,,,,,,,,,,,
55371,5,1,,7.1534,7.1534,,g,O,,,,,,,,,,,,,,,,,,,,
63820,6,1,,7.2959,7.2959,,g,O,,,,,,,,,,,,,,,,,,,,
83861,7,1,,13.7843,13.7843,,g,O,,,,,,,,,,,,,,,,,,,,
85792,8,1,,7.4567,7.4567,,g,O,,,,,,,,,,,,,,,,,,,,
93774,9,1,,3.1759,3.1759,,g,O,,,,,,,,,,,,,,,,,,,,
94575,10,1,,7.7295,7.7295,,g,O,,,,,,,,,,,,,,,,,,,,
2269,1,1,1.125,10.4993,10.4993,6.737471429,g,B,,,,,,,,,,,,,,,,,,,,
31447,2,2,,5.398,14.7424,,g,B,,,,,,,,,,,,,,,,,,,,
31447,2,,,9.3444,,,g,B,,,,,,,,,,,,,,,,,,,,
45668,3,1,,3.7337,3.7337,,g,B,,,,,,,,,,,,,,,,,,,,
46553,4,1,,5.4113,5.4113,,g,B,,,,,,,,,,,,,,,,,,,,
60924,5,1,,7.3922,7.3922,,g,B,,,,,,,,,,,,,,,,,,,,
74075,6,1,,2.1467,2.1467,,g,B,,,,,,,,,,,,,,,,,,,,
86239,7,1,,3.2367,3.2367,,g,B,,,,,,,,,,,,,,,,,,,,
4149,1,1,,3.5846,3.5846,3.883588889,g,O,,,,,,,,,,,,,,,,,,,,
4153,2,1,,2.3395,2.3395,,g,O,,,,,,,,,,,,,,,,,,,,
12543,3,2,,1.5938,5.9262,,g,O,,,,,,,,,,,,,,,,,,,,
12543,3,,,4.3324,,,g,O,,,,,,,,,,,,,,,,,,,,
31632,4,1,,2.369,2.369,,g,O,,,,,,,,,,,,,,,,,,,,
41179,5,1,,3.7287,3.7287,,g,O,,,,,,,,,,,,,,,,,,,,
52213,6,1,,2.1334,2.1334,,g,O,,,,,,,,,,,,,,,,,,,,
64781,7,1,,5.8719,5.8719,,g,O,,,,,,,,,,,,,,,,,,,,
73127,8,1,,5.6033,5.6033,,g,O,,,,,,,,,,,,,,,,,,,,
81892,9,1,,3.3957,3.3957,,g,O,,,,,,,,,,,,,,,,,,,,
14306,1,1,1,4.4939,4.4939,3.571,g,B,,,,,,,,,,,,,,,,,,,,
35056,2,1,,3.0427,3.0427,,g,B,,,,,,,,,,,,,,,,,,,,
60192,3,1,,1.4141,1.4141,,g,B,,,,,,,,,,,,,,,,,,,,
66057,4,1,,5.3333,5.3333,,g,B,,,,,,,,,,,,,,,,,,,,
4370,1,1,,1.561,1.561,3.768675,g,O,,,,,,,,,,,,,,,,,,,,
24224,2,1,,5.3596,5.3596,,g,O,,,,,,,,,,,,,,,,,,,,
33844,3,1,,5.7604,5.7604,,g,O,,,,,,,,,,,,,,,,,,,,
44383,4,1,,2.3937,2.3937,,g,O,,,,,,,,,,,,,,,,,,,,
7482,1,1,1.1875,4.1478,4.1478,6.390371429,g,B,,,,,,,,,,,,,,,,,,,,
14755,2,1,,1.3393,1.3393,,g,B,,,,,,,,,,,,,,,,,,,,
18620,3,1,,8.6718,8.6718,,g,B,,,,,,,,,,,,,,,,,,,,
45576,4,1,,7.8538,7.8538,,g,B,,,,,,,,,,,,,,,,,,,,
47569,5,1,,5.5499,5.5499,,g,B,,,,,,,,,,,,,,,,,,,,
48197,6,1,,9.4867,9.4867,,g,B,,,,,,,,,,,,,,,,,,,,
82207,7,2,,1.92,7.6833,,g,B,,,,,,,,,,,,,,,,,,,,
82207,7,,,5.7633,,,g,B,,,,,,,,,,,,,,,,,,,,
1658,1,1,,16.8011,16.8011,7.950277778,g,O,,,,,,,,,,,,,,,,,,,,
4346,2,1,,7.4063,7.4063,,g,O,,,,,,,,,,,,,,,,,,,,
29001,3,3,,2.1613,12.3383,,g,O,,,,,,,,,,,,,,,,,,,,
29001,3,,,2.2082,,,g,O,,,,,,,,,,,,,,,,,,,,
29001,3,,,7.9688,,,g,O,,,,,,,,,,,,,,,,,,,,
34930,4,1,,2.9496,2.9496,,g,O,,,,,,,,,,,,,,,,,,,,
41925,5,1,,14.5348,14.5348,,g,O,,,,,,,,,,,,,,,,,,,,
56712,6,1,,9.6856,9.6856,,g,O,,,,,,,,,,,,,,,,,,,,
67605,7,1,,2.0444,2.0444,,g,O,,,,,,,,,,,,,,,,,,,,
93929,8,1,,2.9367,2.9367,,g,O,,,,,,,,,,,,,,,,,,,,
95616,9,1,,2.8557,2.8557,,g,O,,,,,,,,,,,,,,,,,,,,
5680,1,1,1,2.2226,2.2226,3.910571429,g,B,,,,,,,,,,,,,,,,,,,,
8341,2,1,,4.9765,4.9765,,g,B,,,,,,,,,,,,,,,,,,,,
18700,3,1,,5.291,5.291,,g,B,,,,,,,,,,,,,,,,,,,,
24509,4,1,,3.7025,3.7025,,g,B,,,,,,,,,,,,,,,,,,,,
34329,5,1,,1.3608,1.3608,,g,B,,,,,,,,,,,,,,,,,,,,
66233,6,1,,4.6607,4.6607,,g,B,,,,,,,,,,,,,,,,,,,,
84407,7,1,,5.1599,5.1599,,g,B,,,,,,,,,,,,,,,,,,,,
6362,1,1,,1.1075,1.1075,5.26205,g,O,,,,,,,,,,,,,,,,,,,,
15372,2,1,,3.1887,3.1887,,g,O,,,,,,,,,,,,,,,,,,,,
17906,3,1,,0.6738,0.6738,,g,O,,,,,,,,,,,,,,,,,,,,
43334,4,1,,12.4591,12.4591,,g,O,,,,,,,,,,,,,,,,,,,,
60829,5,1,,9.0609,9.0609,,g,O,,,,,,,,,,,,,,,,,,,,
68546,6,1,,5.0823,5.0823,,g,O,,,,,,,,,,,,,,,,,,,,
666,1,1,1.277777778,4.273,4.273,6.519311111,g,B,,,,,,,,,,,,,,,,,,,,
14211,2,1,,5.1208,5.1208,,g,B,,,,,,,,,,,,,,,,,,,,
19176,3,1,,0.7121,0.7121,,g,B,,,,,,,,,,,,,,,,,,,,
38448,4,1,,8.2297,8.2297,,g,B,,,,,,,,,,,,,,,,,,,,
62528,5,1,,10.8268,10.8268,,g,B,,,,,,,,,,,,,,,,,,,,
62566,6,1,,5.0366,5.0366,,g,B,,,,,,,,,,,,,,,,,,,,
65322,7,1,,15.1096,15.1096,,g,B,,,,,,,,,,,,,,,,,,,,
74122,8,1,,2.057,2.057,,g,B,,,,,,,,,,,,,,,,,,,,
86669,9,1,,7.3082,7.3082,,g,B,,,,,,,,,,,,,,,,,,,,
7682,1,1,,3.2422,3.2422,10.25482222,g,O,,,,,,,,,,,,,,,,,,,,
12147,2,2,,7.5382,16.1274,,g,O,,,,,,,,,,,,,,,,,,,,
12147,2,,,8.5892,,,g,O,,,,,,,,,,,,,,,,,,,,
12990,3,1,,1.2591,1.2591,,g,O,,,,,,,,,,,,,,,,,,,,
35289,4,2,,5.4647,11.4678,,g,O,,,,,,,,,,,,,,,,,,,,
35289,4,,,6.0031,,,g,O,,,,,,,,,,,,,,,,,,,,
42123,5,2,,6.9719,15.544,,g,O,,,,,,,,,,,,,,,,,,,,
42123,5,,,8.5721,,,g,O,,,,,,,,,,,,,,,,,,,,
47829,6,2,,6.0876,18.0523,,g,O,,,,,,,,,,,,,,,,,,,,
47829,6,,,11.9647,,,g,O,,,,,,,,,,,,,,,,,,,,
53833,7,2,,4.6589,14.1931,,g,O,,,,,,,,,,,,,,,,,,,,
53833,7,,,9.5342,,,g,O,,,,,,,,,,,,,,,,,,,,
65989,8,1,,3.3133,3.3133,,g,O,,,,,,,,,,,,,,,,,,,,
87932,9,1,,9.0942,9.0942,,g,O,,,,,,,,,,,,,,,,,,,,
2376,1,1,1.272727273,4.0517,4.0517,6.082818182,g,B,,,,,,,,,,,,,,,,,,,,
5960,2,1,,5.8806,5.8806,,g,B,,,,,,,,,,,,,,,,,,,,
6119,3,1,,5.3246,5.3246,,g,B,,,,,,,,,,,,,,,,,,,,
8412,4,1,,7.4243,7.4243,,g,B,,,,,,,,,,,,,,,,,,,,
9280,5,1,,7.3386,7.3386,,g,B,,,,,,,,,,,,,,,,,,,,
17944,6,1,,4.8535,4.8535,,g,B,,,,,,,,,,,,,,,,,,,,
55815,7,2,,2.3896,5.1443,,g,B,,,,,,,,,,,,,,,,,,,,
55815,7,,,2.7547,,,g,B,,,,,,,,,,,,,,,,,,,,
78968,8,1,,6.1648,6.1648,,g,B,,,,,,,,,,,,,,,,,,,,
80070,9,1,,3.4089,3.4089,,g,B,,,,,,,,,,,,,,,,,,,,
81753,10,1,,8.2024,8.2024,,g,B,,,,,,,,,,,,,,,,,,,,
94159,11,1,,9.1173,9.1173,,g,B,,,,,,,,,,,,,,,,,,,,
11788,1,2,,4.9395,10.5946,6.573636364,g,O,,,,,,,,,,,,,,,,,,,,
11788,1,,,5.6551,,,g,O,,,,,,,,,,,,,,,,,,,,
25964,2,2,,0.6213,5.2759,,g,O,,,,,,,,,,,,,,,,,,,,
25964,2,,,4.6546,,,g,O,,,,,,,,,,,,,,,,,,,,
29005,3,1,,6.2127,6.2127,,g,O,,,,,,,,,,,,,,,,,,,,
46631,4,2,,4.6799,16.3176,,g,O,,,,,,,,,,,,,,,,,,,,
46631,4,,,11.6377,,,g,O,,,,,,,,,,,,,,,,,,,,
46801,5,1,,6.2241,6.2241,,g,O,,,,,,,,,,,,,,,,,,,,
51984,6,1,,2.2956,2.2956,,g,O,,,,,,,,,,,,,,,,,,,,
57156,7,2,,2.6396,5.641,,g,O,,,,,,,,,,,,,,,,,,,,
57156,7,,,3.0014,,,g,O,,,,,,,,,,,,,,,,,,,,
58489,8,1,,3.01,3.01,,g,O,,,,,,,,,,,,,,,,,,,,
69600,9,2,,1.8078,3.8657,,g,O,,,,,,,,,,,,,,,,,,,,
69600,9,,,2.0579,,,g,O,,,,,,,,,,,,,,,,,,,,
83865,10,1,,6.0189,6.0189,,g,O,,,,,,,,,,,,,,,,,,,,
85079,11,1,,6.8539,6.8539,,g,O,,,,,,,,,,,,,,,,,,,,
18445,1,1,1.111111111,4.6207,4.6207,4.31491,g,B,,,,,,,,,,,,,,,,,,,,
20456,2,1,,6.0753,6.0753,,g,B,,,,,,,,,,,,,,,,,,,,
50825,3,1,,0.5617,0.5617,,g,B,,,,,,,,,,,,,,,,,,,,
55442,4,1,,6.5667,6.5667,,g,B,,,,,,,,,,,,,,,,,,,,
57523,5,1,,2.3417,2.3417,,g,B,,,,,,,,,,,,,,,,,,,,
59342,6,1,,7.2467,7.2467,,g,B,,,,,,,,,,,,,,,,,,,,
71574,7,1,,2.3949,2.3949,,g,B,,,,,,,,,,,,,,,,,,,,
71800,8,1,,6.72,6.72,,g,B,,,,,,,,,,,,,,,,,,,,
80377,9,1,,4.3395,4.3395,,g,B,,,,,,,,,,,,,,,,,,,,
89213,10,1,,2.2819,2.2819,,g,B,,,,,,,,,,,,,,,,,,,,
2584,1,1,,4.6302,4.6302,4.505925,g,O,,,,,,,,,,,,,,,,,,,,
3969,2,1,,5.368,5.368,,g,O,,,,,,,,,,,,,,,,,,,,
11647,3,1,,6.7803,6.7803,,g,O,,,,,,,,,,,,,,,,,,,,
21376,4,1,,5.6803,5.6803,,g,O,,,,,,,,,,,,,,,,,,,,
28968,5,1,,0.2917,0.2917,,g,O,,,,,,,,,,,,,,,,,,,,
46875,6,2,,0.829,2.2799,,g,O,,,,,,,,,,,,,,,,,,,,
46875,6,,,1.4509,,,g,O,,,,,,,,,,,,,,,,,,,,
51383,7,2,,2.5319,7.4109,,g,O,,,,,,,,,,,,,,,,,,,,
51383,7,,,4.879,,,g,O,,,,,,,,,,,,,,,,,,,,
74031,8,1,,3.6061,3.6061,,g,O,,,,,,,,,,,,,,,,,,,,
34461,1,1,1.571428571,2.2993,2.2993,7.195442857,g,B,,,,,,,,,,,,,,,,,,,,
44625,2,1,,8.7287,8.7287,,g,B,,,,,,,,,,,,,,,,,,,,
45771,3,1,,10.593,10.593,,g,B,,,,,,,,,,,,,,,,,,,,
47719,4,2,,1.3762,3.0582,,g,B,,,,,,,,,,,,,,,,,,,,
47719,4,,,1.682,,,g,B,,,,,,,,,,,,,,,,,,,,
69940,5,2,,9.4628,20.6187,,g,B,,,,,,,,,,,,,,,,,,,,
69940,5,,,11.1559,,,g,B,,,,,,,,,,,,,,,,,,,,
70625,6,2,,2.0518,4.115,,g,B,,,,,,,,,,,,,,,,,,,,
70625,6,,,2.0632,,,g,B,,,,,,,,,,,,,,,,,,,,
92328,7,1,,0.9552,0.9552,,g,B,,,,,,,,,,,,,,,,,,,,
30950,1,3,,2.9188,19.8471,8.975714286,g,O,,,,,,,,,,,,,,,,,,,,
30950,1,,,4.2961,,,g,O,,,,,,,,,,,,,,,,,,,,
30950,1,,,12.6322,,,g,O,,,,,,,,,,,,,,,,,,,,
38811,2,1,,4.9938,4.9938,,g,O,,,,,,,,,,,,,,,,,,,,
45990,3,2,,3.6376,9.2287,,g,O,,,,,,,,,,,,,,,,,,,,
45990,3,,,5.5911,,,g,O,,,,,,,,,,,,,,,,,,,,
65245,4,1,,14.4872,14.4872,,g,O,,,,,,,,,,,,,,,,,,,,
82709,5,3,,1.1721,5.4298,,g,O,,,,,,,,,,,,,,,,,,,,
82709,5,,,1.458,,,g,O,,,,,,,,,,,,,,,,,,,,
82709,5,,,2.7997,,,g,O,,,,,,,,,,,,,,,,,,,,
85222,6,1,,5.309,5.309,,g,O,,,,,,,,,,,,,,,,,,,,
95928,7,1,,3.5344,3.5344,,g,O,,,,,,,,,,,,,,,,,,,,
13950,1,1,1.0625,5.1152,5.1152,7.0032,g,B,,,,,,,,,,,,,,,,,,,,
14167,2,1,,10.8611,10.8611,,g,B,,,,,,,,,,,,,,,,,,,,
38234,3,1,,2.283,2.283,,g,B,,,,,,,,,,,,,,,,,,,,
43158,4,1,,3.0076,3.0076,,g,B,,,,,,,,,,,,,,,,,,,,
62465,5,1,,5.3511,5.3511,,g,B,,,,,,,,,,,,,,,,,,,,
73989,6,1,,8.8626,8.8626,,g,B,,,,,,,,,,,,,,,,,,,,
80953,7,2,,4.0742,8.2699,,g,B,,,,,,,,,,,,,,,,,,,,
80953,7,,,4.1957,,,g,B,,,,,,,,,,,,,,,,,,,,
98847,8,1,,12.1905,12.1905,,g,B,,,,,,,,,,,,,,,,,,,,
99997,9,1,,7.0878,7.0878,,g,B,,,,,,,,,,,,,,,,,,,,
23662,1,1,,2.3945,2.3945,7.043857143,g,O,,,,,,,,,,,,,,,,,,,,
30130,2,1,,9.6056,9.6056,,g,O,,,,,,,,,,,,,,,,,,,,
42714,3,1,,5.0645,5.0645,,g,O,,,,,,,,,,,,,,,,,,,,
64677,4,1,,4.058,4.058,,g,O,,,,,,,,,,,,,,,,,,,,
68104,5,1,,9.5112,9.5112,,g,O,,,,,,,,,,,,,,,,,,,,
70136,6,1,,9.1936,9.1936,,g,O,,,,,,,,,,,,,,,,,,,,
96454,7,1,,9.4796,9.4796,,g,O,,,,,,,,,,,,,,,,,,,,
15070,1,1,1.578947368,1.5845,1.5845,6.8472125,g,B,,,,,,,,,,,,,,,,,,,,
30233,2,2,,0.3827,6.6131,,g,B,,,,,,,,,,,,,,,,,,,,
30233,2,,,6.2304,,,g,B,,,,,,,,,,,,,,,,,,,,
51078,3,1,,4.0502,4.0502,,g,B,,,,,,,,,,,,,,,,,,,,
54980,4,1,,5.1882,5.1882,,g,B,,,,,,,,,,,,,,,,,,,,
69991,5,3,,2.9628,12.3145,,g,B,,,,,,,,,,,,,,,,,,,,
69991,5,,,4.1147,,,g,B,,,,,,,,,,,,,,,,,,,,
69991,5,,,5.237,,,g,B,,,,,,,,,,,,,,,,,,,,
73414,6,1,,12.2843,12.2843,,g,B,,,,,,,,,,,,,,,,,,,,
74427,7,1,,5.2375,5.2375,,g,B,,,,,,,,,,,,,,,,,,,,
84195,8,1,,7.5054,7.5054,,g,B,,,,,,,,,,,,,,,,,,,,
4100,1,1,,4.7294,4.7294,8.165618182,g,O,,,,,,,,,,,,,,,,,,,,
16296,2,1,,3.243,3.243,,g,O,,,,,,,,,,,,,,,,,,,,
25769,3,2,,4.9555,10.7765,,g,O,,,,,,,,,,,,,,,,,,,,
25769,3,,,5.821,,,g,O,,,,,,,,,,,,,,,,,,,,
29842,4,5,,3.0662,26.3615,,g,O,,,,,,,,,,,,,,,,,,,,
29842,4,,,4.8412,,,g,O,,,,,,,,,,,,,,,,,,,,
29842,4,,,5.1659,,,g,O,,,,,,,,,,,,,,,,,,,,
29842,4,,,6.0396,,,g,O,,,,,,,,,,,,,,,,,,,,
29842,4,,,7.2486,,,g,O,,,,,,,,,,,,,,,,,,,,
40895,5,2,,1.9552,9.148,,g,O,,,,,,,,,,,,,,,,,,,,
40895,5,,,7.1928,,,g,O,,,,,,,,,,,,,,,,,,,,
41226,6,1,,1.2333,1.2333,,g,O,,,,,,,,,,,,,,,,,,,,
55457,7,1,,7.0367,7.0367,,g,O,,,,,,,,,,,,,,,,,,,,
78214,8,2,,2.8327,6.976,,g,O,,,,,,,,,,,,,,,,,,,,
78214,8,,,4.1433,,,g,O,,,,,,,,,,,,,,,,,,,,
81112,9,1,,7.7907,7.7907,,g,O,,,,,,,,,,,,,,,,,,,,
87879,10,2,,4.841,9.9324,,g,O,,,,,,,,,,,,,,,,,,,,
87879,10,,,5.0914,,,g,O,,,,,,,,,,,,,,,,,,,,
88644,11,1,,2.5943,2.5943,,g,O,,,,,,,,,,,,,,,,,,,,
2547,1,2,1.294117647,4.8895,11.0003,7.9361375,g,B,,,,,,,,,,,,,,,,,,,,
2547,1,,,6.1108,,,g,B,,,,,,,,,,,,,,,,,,,,
12297,2,1,,8.3194,8.3194,,g,B,,,,,,,,,,,,,,,,,,,,
16907,3,1,,1.7864,1.7864,,g,B,,,,,,,,,,,,,,,,,,,,
21906,4,2,,8.8633,19.3159,,g,B,,,,,,,,,,,,,,,,,,,,
21906,4,,,10.4526,,,g,B,,,,,,,,,,,,,,,,,,,,
21963,5,1,,4.8439,4.8439,,g,B,,,,,,,,,,,,,,,,,,,,
39229,6,1,,5.8191,5.8191,,g,B,,,,,,,,,,,,,,,,,,,,
68328,7,1,,0.4901,0.4901,,g,B,,,,,,,,,,,,,,,,,,,,
85708,8,1,,11.914,11.914,,g,B,,,,,,,,,,,,,,,,,,,,
1256,1,1,,3.9594,3.9594,8.442,g,O,,,,,,,,,,,,,,,,,,,,
2676,2,2,,4.3331,9.9173,,g,O,,,,,,,,,,,,,,,,,,,,
2676,2,,,5.5842,,,g,O,,,,,,,,,,,,,,,,,,,,
15884,3,2,,2.2412,7.2856,,g,O,,,,,,,,,,,,,,,,,,,,
15884,3,,,5.0444,,,g,O,,,,,,,,,,,,,,,,,,,,
21018,4,1,,8.4435,8.4435,,g,O,,,,,,,,,,,,,,,,,,,,
26543,5,1,,4.9483,4.9483,,g,O,,,,,,,,,,,,,,,,,,,,
31645,6,2,,6.4387,15.2567,,g,O,,,,,,,,,,,,,,,,,,,,
31645,6,,,8.818,,,g,O,,,,,,,,,,,,,,,,,,,,
55652,7,1,,7.4583,7.4583,,g,O,,,,,,,,,,,,,,,,,,,,
69291,8,1,,10.0036,10.0036,,g,O,,,,,,,,,,,,,,,,,,,,
85212,9,1,,8.7053,8.7053,,g,O,,,,,,,,,,,,,,,,,,,,
